id,fir_id,phone_id
FP00001,F2202,PH00001
FP00002,F2208,PH00002
FP00003,F2209,PH00003
FP00004,F2210,PH00004
FP00005,F2211,PH00005
FP00006,F2212,PH00006
FP00007,F2213,PH00007
FP00008,F2217,PH00008
FP00009,F2219,PH00009
FP00010,F2232,PH00010
FP00011,F2242,PH00011
FP00012,F2248,PH00012
FP00013,F2252,PH00013
FP00014,F2261,PH00014
FP00015,F2263,PH00015
FP00016,F2267,PH00016
FP00017,F2269,PH00017
FP00018,F2270,PH00018
FP00019,F2275,PH00019
FP00020,F2277,PH00020
FP00021,F2278,PH00021
FP00022,F2280,PH00022
FP00023,F2281,PH00023
FP00024,F2291,PH00024
FP00025,F2293,PH00025
FP00026,F2304,PH00026
FP00027,F2308,PH00027
FP00028,F2313,PH00028
FP00029,F2315,PH00029
FP00030,F2319,PH00030
FP00031,F2323,PH00031
FP00032,F2324,PH00032
FP00033,F2327,PH00033
FP00034,F2333,PH00034
FP00035,F2345,PH00035
FP00036,F2348,PH00036
FP00037,F2351,PH00037
FP00038,F2352,PH00038
FP00039,F2353,PH00039
FP00040,F2355,PH00040
FP00041,F2372,PH00041
FP00042,F2375,PH00042
FP00043,F2377,PH00043
FP00044,F2380,PH00044
FP00045,F2382,PH00045
FP00046,F2384,PH00046
FP00047,F2390,PH00047
FP00048,F2392,PH00048
FP00049,F2396,PH00049
FP00050,F2398,PH00050
FP00051,F2417,PH00051
FP00052,F2419,PH00052
FP00053,F2424,PH00053
FP00054,F2426,PH00054
FP00055,F2430,PH00055
FP00056,F2439,PH00056
FP00057,F2444,PH00057
FP00058,F2445,PH00058
FP00059,F2448,PH00059
FP00060,F2453,PH00060
FP00061,F2464,PH00061
FP00062,F2468,PH00062
FP00063,F2470,PH00063
FP00064,F2473,PH00064
FP00065,F2475,PH00065
FP00066,F2477,PH00066
FP00067,F2479,PH00067
FP00068,F2485,PH00068
FP00069,F2489,PH00069
FP00070,F2490,PH00070
FP00071,F2496,PH00071
FP00072,F2497,PH00072
FP00073,F2502,PH00073
FP00074,F2511,PH00074
FP00075,F2512,PH00075
FP00076,F2517,PH00076
FP00077,F2519,PH00077
FP00078,F2523,PH00078
FP00079,F2525,PH00079
FP00080,F2532,PH00080
FP00081,F2533,PH00081
FP00082,F2536,PH00082
FP00083,F2538,PH00083
FP00084,F2539,PH00084
FP00085,F2541,PH00085
FP00086,F2545,PH00086
FP00087,F2547,PH00087
FP00088,F2548,PH00088
FP00089,F2552,PH00089
FP00090,F2554,PH00090
FP00091,F2558,PH00091
FP00092,F2561,PH00092
FP00093,F2566,PH00093
FP00094,F2572,PH00094
FP00095,F2578,PH00095
FP00096,F2588,PH00096
FP00097,F2594,PH00097
FP00098,F2598,PH00098
FP00099,F2599,PH00099
FP00100,F2602,PH00100
FP00101,F2611,PH00101
FP00102,F2613,PH00102
FP00103,F2617,PH00103
FP00104,F2619,PH00104
FP00105,F2620,PH00105
FP00106,F2630,PH00106
FP00107,F2634,PH00107
FP00108,F2639,PH00108
FP00109,F2660,PH00109
FP00110,F2661,PH00110
FP00111,F2664,PH00111
FP00112,F2666,PH00112
FP00113,F2668,PH00113
FP00114,F2672,PH00114
FP00115,F2674,PH00115
FP00116,F2676,PH00116
FP00117,F2679,PH00117
FP00118,F2682,PH00118
FP00119,F2683,PH00119
FP00120,F2687,PH00120
FP00121,F2688,PH00121
FP00122,F2692,PH00122
FP00123,F2693,PH00123
FP00124,F2701,PH00124
FP00125,F2704,PH00125
FP00126,F2707,PH00126
FP00127,F2710,PH00127
FP00128,F2711,PH00128
FP00129,F2715,PH00129
FP00130,F2721,PH00130
FP00131,F2723,PH00131
FP00132,F2727,PH00132
FP00133,F2728,PH00133
FP00134,F2730,PH00134
FP00135,F2736,PH00135
FP00136,F2738,PH00136
FP00137,F2741,PH00137
FP00138,F2744,PH00138
FP00139,F2746,PH00139
FP00140,F2748,PH00140
FP00141,F2749,PH00141
FP00142,F2756,PH00142
FP00143,F2762,PH00143
FP00144,F2763,PH00144
FP00145,F2766,PH00145
FP00146,F2769,PH00146
FP00147,F2778,PH00147
FP00148,F2779,PH00148
FP00149,F2784,PH00149
FP00150,F2787,PH00150
FP00151,F2791,PH00151
FP00152,F2793,PH00152
FP00153,F2794,PH00153
FP00154,F2795,PH00154
FP00155,F2803,PH00155
FP00156,F2804,PH00156
FP00157,F2811,PH00157
FP00158,F2812,PH00158
FP00159,F2814,PH00159
FP00160,F2818,PH00160
FP00161,F2819,PH00161
FP00162,F2822,PH00162
FP00163,F2823,PH00163
FP00164,F2824,PH00164
FP00165,F2829,PH00165
FP00166,F2835,PH00166
FP00167,F2837,PH00167
FP00168,F2839,PH00168
FP00169,F2840,PH00169
FP00170,F2846,PH00170
FP00171,F2857,PH00171
FP00172,F2859,PH00172
FP00173,F2861,PH00173
FP00174,F2869,PH00174
FP00175,F2871,PH00175
FP00176,F2877,PH00176
FP00177,F2880,PH00177
FP00178,F2883,PH00178
FP00179,F2886,PH00179
FP00180,F2895,PH00180
FP00181,F2902,PH00181
FP00182,F2908,PH00182
FP00183,F2909,PH00183
FP00184,F2917,PH00184
FP00185,F2920,PH00185
FP00186,F2935,PH00186
FP00187,F2936,PH00187
FP00188,F2938,PH00188
FP00189,F2939,PH00189
FP00190,F2942,PH00190
FP00191,F2947,PH00191
FP00192,F2950,PH00192
FP00193,F2953,PH00193
FP00194,F2954,PH00194
FP00195,F2962,PH00195
FP00196,F2965,PH00196
FP00197,F2978,PH00197
FP00198,F2980,PH00198
FP00199,F2982,PH00199
FP00200,F2986,PH00200
FP00201,F2988,PH00201
FP00202,F2993,PH00202
FP00203,F2998,PH00203
FP00204,F2999,PH00204
FP00205,F3000,PH00205
FP00206,F3003,PH00206
FP00207,F3004,PH00207
FP00208,F3015,PH00208
FP00209,F3022,PH00209
FP00210,F3023,PH00210
FP00211,F3024,PH00211
FP00212,F3028,PH00212
FP00213,F3037,PH00213
FP00214,F3039,PH00214
FP00215,F3042,PH00215
FP00216,F3049,PH00216
FP00217,F3050,PH00217
FP00218,F3052,PH00218
FP00219,F3054,PH00219
FP00220,F3056,PH00220
FP00221,F3061,PH00221
FP00222,F3072,PH00222
FP00223,F3079,PH00223
FP00224,F3080,PH00224
FP00225,F3084,PH00225
FP00226,F3088,PH00226
FP00227,F3089,PH00227
FP00228,F3098,PH00228
FP00229,F3100,PH00229
FP00230,F3104,PH00230
FP00231,F3105,PH00231
FP00232,F3108,PH00232
FP00233,F3114,PH00233
FP00234,F3119,PH00234
FP00235,F3121,PH00235
FP00236,F3122,PH00236
FP00237,F3125,PH00237
FP00238,F3133,PH00238
FP00239,F3136,PH00239
FP00240,F3138,PH00240
FP00241,F3139,PH00241
FP00242,F3146,PH00242
FP00243,F3148,PH00243
FP00244,F3153,PH00244
FP00245,F3161,PH00245
FP00246,F3170,PH00246
FP00247,F3171,PH00247
FP00248,F3172,PH00248
FP00249,F3178,PH00249
FP00250,F3183,PH00250
FP00251,F3188,PH00251
FP00252,F3195,PH00252
FP00253,F3196,PH00253
FP00254,F3198,PH00254
FP00255,F3199,PH00255
FP00256,F3204,PH00256
FP00257,F3205,PH00257
FP00258,F3207,PH00258
FP00259,F3208,PH00259
FP00260,F3214,PH00260
FP00261,F3216,PH00261
FP00262,F3222,PH00262
FP00263,F3226,PH00263
FP00264,F3227,PH00264
FP00265,F3230,PH00265
FP00266,F3233,PH00266
FP00267,F3234,PH00267
FP00268,F3241,PH00268
FP00269,F3245,PH00269
FP00270,F3248,PH00270
FP00271,F3257,PH00271
FP00272,F3259,PH00272
FP00273,F3262,PH00273
FP00274,F3263,PH00274
FP00275,F3271,PH00275
FP00276,F3275,PH00276
FP00277,F3278,PH00277
FP00278,F3284,PH00278
FP00279,F3289,PH00279
FP00280,F3293,PH00280
FP00281,F3294,PH00281
FP00282,F3297,PH00282
FP00283,F3299,PH00283
FP00284,F3305,PH00284
FP00285,F3313,PH00285
FP00286,F3324,PH00286
FP00287,F3327,PH00287
FP00288,F3329,PH00288
FP00289,F3345,PH00289
FP00290,F3346,PH00290
FP00291,F3351,PH00291
FP00292,F3355,PH00292
FP00293,F3358,PH00293
FP00294,F3371,PH00294
FP00295,F3373,PH00295
FP00296,F3376,PH00296
FP00297,F3377,PH00297
FP00298,F3381,PH00298
FP00299,F3383,PH00299
FP00300,F3391,PH00300
FP00301,F3392,PH00301
FP00302,F3393,PH00302
FP00303,F3394,PH00303
FP00304,F3396,PH00304
FP00305,F3401,PH00305
FP00306,F3402,PH00306
FP00307,F3405,PH00307
FP00308,F3409,PH00308
FP00309,F3411,PH00309
FP00310,F3413,PH00310
FP00311,F3415,PH00311
FP00312,F3416,PH00312
FP00313,F3417,PH00313
FP00314,F3420,PH00314
FP00315,F3423,PH00315
FP00316,F3426,PH00316
FP00317,F3432,PH00317
FP00318,F3433,PH00318
FP00319,F3435,PH00319
FP00320,F3444,PH00320
FP00321,F3445,PH00321
FP00322,F3446,PH00322
FP00323,F3447,PH00323
FP00324,F3452,PH00324
FP00325,F3456,PH00325
FP00326,F3457,PH00326
FP00327,F3458,PH00327
FP00328,F3464,PH00328
FP00329,F3465,PH00329
FP00330,F3473,PH00330
FP00331,F3475,PH00331
FP00332,F3479,PH00332
FP00333,F3481,PH00333
FP00334,F3482,PH00334
FP00335,F3492,PH00335
FP00336,F3496,PH00336
FP00337,F3499,PH00337
FP00338,F3501,PH00338
FP00339,F3511,PH00339
FP00340,F3518,PH00340
FP00341,F3522,PH00341
FP00342,F3523,PH00342
FP00343,F3535,PH00343
FP00344,F3536,PH00344
FP00345,F3538,PH00345
FP00346,F3540,PH00346
FP00347,F3542,PH00347
FP00348,F3548,PH00348
FP00349,F3549,PH00349
FP00350,F3556,PH00350
FP00351,F3562,PH00351
FP00352,F3569,PH00352
FP00353,F3570,PH00353
FP00354,F3576,PH00354
FP00355,F3583,PH00355
FP00356,F3587,PH00356
FP00357,F3588,PH00357
FP00358,F3592,PH00358
FP00359,F3594,PH00359
FP00360,F3596,PH00360
FP00361,F3600,PH00361
FP00362,F3603,PH00362
FP00363,F3605,PH00363
FP00364,F3606,PH00364
FP00365,F3607,PH00365
FP00366,F3609,PH00366
FP00367,F3610,PH00367
FP00368,F3612,PH00368
FP00369,F3614,PH00369
FP00370,F3615,PH00370
FP00371,F3628,PH00371
FP00372,F3638,PH00372
FP00373,F3640,PH00373
FP00374,F3641,PH00374
FP00375,F3650,PH00375
FP00376,F3653,PH00376
FP00377,F3654,PH00377
FP00378,F3655,PH00378
FP00379,F3657,PH00379
FP00380,F3664,PH00380
FP00381,F3666,PH00381
FP00382,F3668,PH00382
FP00383,F3669,PH00383
FP00384,F3670,PH00384
FP00385,F3671,PH00385
FP00386,F3674,PH00386
FP00387,F3677,PH00387
FP00388,F3678,PH00388
FP00389,F3680,PH00389
FP00390,F3682,PH00390
FP00391,F3686,PH00391
FP00392,F3688,PH00392
FP00393,F3689,PH00393
FP00394,F3691,PH00394
FP00395,F3695,PH00395
FP00396,F3697,PH00396
FP00397,F3698,PH00397
FP00398,F3705,PH00398
FP00399,F3706,PH00399
FP00400,F3710,PH00400
FP00401,F3711,PH00401
FP00402,F3712,PH00402
FP00403,F3719,PH00403
FP00404,F3721,PH00404
FP00405,F3722,PH00405
FP00406,F3723,PH00406
FP00407,F3729,PH00407
FP00408,F3730,PH00408
FP00409,F3747,PH00409
FP00410,F3761,PH00410
FP00411,F3763,PH00411
FP00412,F3764,PH00412
FP00413,F3765,PH00413
FP00414,F3769,PH00414
FP00415,F3783,PH00415
FP00416,F3785,PH00416
FP00417,F3789,PH00417
FP00418,F3796,PH00418
FP00419,F3803,PH00419
FP00420,F3806,PH00420
FP00421,F3807,PH00421
FP00422,F3808,PH00422
FP00423,F3810,PH00423
FP00424,F3816,PH00424
FP00425,F3818,PH00425
FP00426,F3825,PH00426
FP00427,F3833,PH00427
FP00428,F3835,PH00428
FP00429,F3841,PH00429
FP00430,F3848,PH00430
FP00431,F3849,PH00431
FP00432,F3850,PH00432
FP00433,F3852,PH00433
FP00434,F3856,PH00434
FP00435,F3862,PH00435
FP00436,F3863,PH00436
FP00437,F3864,PH00437
FP00438,F3868,PH00438
FP00439,F3879,PH00439
FP00440,F3881,PH00440
FP00441,F3882,PH00441
FP00442,F3890,PH00442
FP00443,F3903,PH00443
FP00444,F3910,PH00444
FP00445,F3914,PH00445
FP00446,F3917,PH00446
FP00447,F3918,PH00447
FP00448,F3919,PH00448
FP00449,F3926,PH00449
FP00450,F3930,PH00450
FP00451,F3936,PH00451
FP00452,F3937,PH00452
FP00453,F3942,PH00453
FP00454,F3943,PH00454
FP00455,F3947,PH00455
FP00456,F3953,PH00456
FP00457,F3959,PH00457
FP00458,F3970,PH00458
FP00459,F3977,PH00459
FP00460,F3980,PH00460
FP00461,F3981,PH00461
FP00462,F3983,PH00462
FP00463,F3984,PH00463
FP00464,F3991,PH00464
FP00465,F3995,PH00465
FP00466,F4000,PH00466
FP00467,F4006,PH00467
FP00468,F4007,PH00468
FP00469,F4019,PH00469
FP00470,F4028,PH00470
FP00471,F4031,PH00471
FP00472,F4037,PH00472
FP00473,F4044,PH00473
FP00474,F4045,PH00474
FP00475,F4049,PH00475
FP00476,F4053,PH00476
FP00477,F4060,PH00477
FP00478,F4062,PH00478
FP00479,F4063,PH00479
FP00480,F4067,PH00480
FP00481,F4068,PH00481
FP00482,F4072,PH00482
FP00483,F4074,PH00483
FP00484,F4081,PH00484
FP00485,F4082,PH00485
FP00486,F4085,PH00486
FP00487,F4091,PH00487
FP00488,F4094,PH00488
FP00489,F4095,PH00489
FP00490,F4102,PH00490
FP00491,F4103,PH00491
FP00492,F4105,PH00492
FP00493,F4118,PH00493
FP00494,F4119,PH00494
FP00495,F4120,PH00495
FP00496,F4123,PH00496
FP00497,F4124,PH00497
FP00498,F4126,PH00498
FP00499,F4130,PH00499
FP00500,F4137,PH00500
FP00501,F4138,PH00501
FP00502,F4153,PH00502
FP00503,F4155,PH00503
FP00504,F4156,PH00504
FP00505,F4159,PH00505
FP00506,F4160,PH00506
FP00507,F4166,PH00507
FP00508,F4168,PH00508
FP00509,F4179,PH00509
FP00510,F4184,PH00510
FP00511,F4186,PH00511
FP00512,F4189,PH00512
FP00513,F4191,PH00513
FP00514,F4193,PH00514
FP00515,F4195,PH00515
FP00516,F4198,PH00516
FP00517,F4201,PH00517
FP00518,F4202,PH00517
FP00519,F4203,PH00517
FP00520,F4204,PH00517
FP00521,F4205,PH00517
FP00522,F4206,PH00517
FP00523,F4207,PH00518
FP00524,F4208,PH00518
FP00525,F4209,PH00518
FP00526,F4210,PH00518
FP00527,F4211,PH00518
FP00528,F4212,PH00519
FP00529,F4213,PH00519
FP00530,F4214,PH00519
FP00531,F4215,PH00519
