phone_id,number_masked,imei_masked
PH00001,··9043,··3019
PH00002,··3907,··7114
PH00003,··6004,··7268
PH00004,··6492,··4873
PH00005,··4987,··3237
PH00006,··9344,··8743
PH00007,··2120,··8765
PH00008,··8042,··9855
PH00009,··5777,··3140
PH00010,··3348,··8508
PH00011,··3637,··7079
PH00012,··4322,··7294
PH00013,··1158,··4564
PH00014,··9986,··7568
PH00015,··7850,··2373
PH00016,··7960,··1128
PH00017,··4026,··7770
PH00018,··1532,··7515
PH00019,··4379,··3839
PH00020,··5035,··7457
PH00021,··1942,··8279
PH00022,··4753,··2636
PH00023,··7975,··2973
PH00024,··3910,··3203
PH00025,··5446,··7941
PH00026,··7493,··8914
PH00027,··2002,··2142
PH00028,··2866,··6631
PH00029,··3461,··9662
PH00030,··5837,··3336
PH00031,··7606,··8595
PH00032,··5203,··4047
PH00033,··9648,··4106
PH00034,··2188,··4181
PH00035,··3670,··7542
PH00036,··6352,··7159
PH00037,··5297,··6553
PH00038,··8593,··6715
PH00039,··1266,··2978
PH00040,··8354,··3527
PH00041,··7831,··8151
PH00042,··3109,··4359
PH00043,··9873,··4955
PH00044,··2168,··7794
PH00045,··4476,··9399
PH00046,··7377,··5428
PH00047,··7600,··3978
PH00048,··3805,··4735
PH00049,··2876,··1456
PH00050,··9378,··8154
PH00051,··8681,··4951
PH00052,··4183,··1848
PH00053,··7583,··7953
PH00054,··7206,··2912
PH00055,··7624,··7076
PH00056,··7575,··5045
PH00057,··8873,··2620
PH00058,··9532,··2446
PH00059,··2088,··7660
PH00060,··8728,··7678
PH00061,··3307,··5104
PH00062,··8602,··9873
PH00063,··7122,··4697
PH00064,··2937,··5844
PH00065,··3163,··5028
PH00066,··1473,··5011
PH00067,··5502,··1496
PH00068,··5794,··8418
PH00069,··7069,··7869
PH00070,··6436,··5780
PH00071,··6841,··9832
PH00072,··7556,··3326
PH00073,··3319,··5565
PH00074,··5983,··7176
PH00075,··4841,··6247
PH00076,··3044,··6053
PH00077,··7965,··8082
PH00078,··9730,··8231
PH00079,··9309,··7413
PH00080,··8055,··6524
PH00081,··4228,··5593
PH00082,··9052,··6416
PH00083,··8067,··1671
PH00084,··4055,··9909
PH00085,··8069,··4940
PH00086,··5901,··5075
PH00087,··9248,··9014
PH00088,··3243,··9418
PH00089,··6087,··3616
PH00090,··9360,··6017
PH00091,··1413,··7099
PH00092,··5100,··7361
PH00093,··5573,··9950
PH00094,··5562,··4568
PH00095,··2004,··7746
PH00096,··9569,··4299
PH00097,··4943,··9829
PH00098,··2178,··3466
PH00099,··7774,··3226
PH00100,··6195,··8719
PH00101,··4701,··9266
PH00102,··6371,··6631
PH00103,··1884,··2028
PH00104,··5372,··6590
PH00105,··9625,··3169
PH00106,··8217,··3099
PH00107,··6855,··4287
PH00108,··9292,··1550
PH00109,··6967,··8159
PH00110,··9299,··9570
PH00111,··9845,··2642
PH00112,··8891,··7469
PH00113,··5911,··2687
PH00114,··2852,··7937
PH00115,··3669,··2335
PH00116,··7258,··1078
PH00117,··1005,··5951
PH00118,··1170,··9314
PH00119,··9509,··3166
PH00120,··6005,··2480
PH00121,··2907,··9524
PH00122,··3994,··9878
PH00123,··1059,··2347
PH00124,··5921,··8697
PH00125,··6805,··8912
PH00126,··9826,··4970
PH00127,··5072,··3047
PH00128,··7557,··1314
PH00129,··3560,··7083
PH00130,··9327,··8751
PH00131,··4453,··6762
PH00132,··8695,··8812
PH00133,··2695,··3352
PH00134,··1973,··1450
PH00135,··8561,··4845
PH00136,··6166,··7199
PH00137,··5303,··6794
PH00138,··9010,··7497
PH00139,··1198,··5037
PH00140,··5695,··5812
PH00141,··2784,··8865
PH00142,··2314,··2820
PH00143,··9743,··3444
PH00144,··4031,··7790
PH00145,··7757,··3925
PH00146,··3626,··6976
PH00147,··6876,··1099
PH00148,··3664,··3181
PH00149,··4086,··8359
PH00150,··9123,··5600
PH00151,··6625,··5666
PH00152,··8814,··9622
PH00153,··4167,··6182
PH00154,··6571,··3128
PH00155,··8573,··1389
PH00156,··2210,··4172
PH00157,··7187,··5213
PH00158,··7576,··7193
PH00159,··9428,··7559
PH00160,··7918,··6264
PH00161,··5656,··2851
PH00162,··6824,··8277
PH00163,··2909,··2483
PH00164,··3718,··2251
PH00165,··1069,··2893
PH00166,··1470,··3707
PH00167,··2298,··4608
PH00168,··8915,··8353
PH00169,··7967,··3842
PH00170,··3109,··1773
PH00171,··1424,··3710
PH00172,··4554,··4148
PH00173,··5079,··5463
PH00174,··5183,··8192
PH00175,··8199,··3920
PH00176,··9645,··5126
PH00177,··6014,··8552
PH00178,··4494,··8919
PH00179,··8495,··6951
PH00180,··1540,··8560
PH00181,··5740,··1493
PH00182,··9037,··4558
PH00183,··4045,··3785
PH00184,··4852,··9264
PH00185,··3146,··9909
PH00186,··5680,··9116
PH00187,··7393,··7339
PH00188,··3416,··6280
PH00189,··1926,··6562
PH00190,··2880,··7997
PH00191,··4524,··7390
PH00192,··1412,··1748
PH00193,··6115,··9607
PH00194,··8361,··7187
PH00195,··1451,··1543
PH00196,··7461,··2936
PH00197,··5122,··4521
PH00198,··7539,··2554
PH00199,··1586,··8455
PH00200,··6924,··3604
PH00201,··6853,··4522
PH00202,··5819,··9396
PH00203,··1489,··3764
PH00204,··2028,··5637
PH00205,··5747,··6786
PH00206,··9481,··9293
PH00207,··4110,··4888
PH00208,··5781,··3472
PH00209,··3068,··8265
PH00210,··3384,··5104
PH00211,··6836,··8153
PH00212,··4626,··4118
PH00213,··9583,··8566
PH00214,··2968,··4353
PH00215,··7225,··5164
PH00216,··2645,··7667
PH00217,··2105,··1256
PH00218,··2460,··6323
PH00219,··5661,··1064
PH00220,··2399,··3905
PH00221,··5947,··1703
PH00222,··8660,··1934
PH00223,··4372,··4909
PH00224,··9725,··2565
PH00225,··8739,··3404
PH00226,··2752,··6698
PH00227,··4859,··3993
PH00228,··5330,··6853
PH00229,··2088,··2860
PH00230,··4192,··6690
PH00231,··9123,··6179
PH00232,··2649,··3289
PH00233,··7695,··5433
PH00234,··4187,··2073
PH00235,··9914,··1303
PH00236,··6297,··7775
PH00237,··8171,··3883
PH00238,··5996,··3975
PH00239,··5551,··2299
PH00240,··3790,··9012
PH00241,··4584,··9587
PH00242,··4178,··2457
PH00243,··8423,··9949
PH00244,··5489,··6764
PH00245,··2144,··3156
PH00246,··7474,··5457
PH00247,··3137,··4765
PH00248,··3338,··2996
PH00249,··6790,··2640
PH00250,··8946,··1745
PH00251,··2246,··9951
PH00252,··6914,··2768
PH00253,··6157,··2052
PH00254,··3036,··2635
PH00255,··8928,··1639
PH00256,··7820,··8437
PH00257,··1968,··2911
PH00258,··6562,··5344
PH00259,··2796,··7014
PH00260,··1722,··1026
PH00261,··5418,··3235
PH00262,··7640,··7119
PH00263,··3351,··7796
PH00264,··3638,··5658
PH00265,··3961,··1260
PH00266,··3216,··4148
PH00267,··3271,··7923
PH00268,··9114,··4953
PH00269,··6475,··7804
PH00270,··5103,··3181
PH00271,··5088,··1893
PH00272,··7552,··2390
PH00273,··4412,··6973
PH00274,··9700,··9072
PH00275,··4588,··3350
PH00276,··4912,··3639
PH00277,··8174,··9008
PH00278,··6525,··8708
PH00279,··7591,··4680
PH00280,··7457,··3494
PH00281,··4924,··5163
PH00282,··2735,··7221
PH00283,··2108,··1250
PH00284,··1430,··9564
PH00285,··7007,··3222
PH00286,··4377,··5380
PH00287,··3585,··6737
PH00288,··9974,··2649
PH00289,··3246,··2230
PH00290,··8488,··5382
PH00291,··5444,··5575
PH00292,··2199,··1502
PH00293,··3124,··3194
PH00294,··8821,··2229
PH00295,··6705,··4231
PH00296,··1626,··6216
PH00297,··5243,··1925
PH00298,··9187,··8897
PH00299,··3905,··4650
PH00300,··8140,··6977
PH00301,··9769,··5147
PH00302,··9316,··5491
PH00303,··4070,··1663
PH00304,··4190,··7036
PH00305,··8242,··6234
PH00306,··6395,··6167
PH00307,··4954,··1041
PH00308,··5690,··2403
PH00309,··8824,··1378
PH00310,··4619,··4861
PH00311,··7168,··2793
PH00312,··1291,··4765
PH00313,··8195,··4795
PH00314,··4036,··8047
PH00315,··6787,··6594
PH00316,··3533,··7708
PH00317,··2418,··6202
PH00318,··3351,··6094
PH00319,··9576,··2053
PH00320,··4392,··2265
PH00321,··8354,··2983
PH00322,··6451,··7767
PH00323,··9638,··7166
PH00324,··1121,··3002
PH00325,··2023,··7970
PH00326,··5572,··7923
PH00327,··6301,··5718
PH00328,··3816,··5718
PH00329,··9728,··1883
PH00330,··3787,··1546
PH00331,··2748,··4799
PH00332,··7080,··7982
PH00333,··4118,··5188
PH00334,··1833,··1238
PH00335,··2157,··9147
PH00336,··1081,··6071
PH00337,··4108,··6976
PH00338,··8377,··8668
PH00339,··2752,··9886
PH00340,··1330,··5323
PH00341,··5741,··3814
PH00342,··6129,··2392
PH00343,··3595,··8413
PH00344,··1736,··6657
PH00345,··7524,··4947
PH00346,··6344,··5520
PH00347,··1447,··1095
PH00348,··1401,··6879
PH00349,··3523,··8746
PH00350,··8954,··4170
PH00351,··1981,··3994
PH00352,··5256,··2707
PH00353,··5143,··7933
PH00354,··5142,··1015
PH00355,··5254,··3148
PH00356,··7446,··6055
PH00357,··1463,··8273
PH00358,··5654,··8312
PH00359,··9656,··7949
PH00360,··9158,··5701
PH00361,··2942,··1500
PH00362,··1044,··8097
PH00363,··4316,··2022
PH00364,··1960,··5410
PH00365,··8556,··5442
PH00366,··1585,··8213
PH00367,··6366,··7256
PH00368,··2027,··6973
PH00369,··9763,··1890
PH00370,··8644,··3492
PH00371,··6452,··5066
PH00372,··9611,··8741
PH00373,··6201,··3732
PH00374,··1696,··1304
PH00375,··6702,··2722
PH00376,··4725,··7282
PH00377,··5859,··6952
PH00378,··8357,··3277
PH00379,··2528,··8374
PH00380,··8057,··8778
PH00381,··6200,··7105
PH00382,··8345,··7507
PH00383,··1121,··3623
PH00384,··2229,··4087
PH00385,··8557,··9825
PH00386,··3127,··5608
PH00387,··4831,··8783
PH00388,··3865,··2447
PH00389,··9367,··4986
PH00390,··8074,··3609
PH00391,··7087,··7823
PH00392,··7388,··9135
PH00393,··7734,··4413
PH00394,··5980,··1528
PH00395,··3959,··7847
PH00396,··4950,··8375
PH00397,··4232,··5500
PH00398,··7749,··2044
PH00399,··9947,··3758
PH00400,··5142,··7592
PH00401,··2784,··8619
PH00402,··1307,··6822
PH00403,··9375,··2387
PH00404,··6714,··8443
PH00405,··6249,··5164
PH00406,··1621,··4930
PH00407,··1341,··7535
PH00408,··8926,··2322
PH00409,··1278,··6782
PH00410,··8515,··8779
PH00411,··7374,··6337
PH00412,··7305,··6246
PH00413,··4196,··8472
PH00414,··3306,··4763
PH00415,··5350,··9334
PH00416,··9593,··2690
PH00417,··8324,··1594
PH00418,··4243,··7247
PH00419,··2003,··7542
PH00420,··9624,··3806
PH00421,··8941,··7731
PH00422,··2132,··5506
PH00423,··3986,··5927
PH00424,··1073,··7903
PH00425,··3132,··7045
PH00426,··3777,··4151
PH00427,··3223,··4026
PH00428,··8673,··3431
PH00429,··9274,··1584
PH00430,··1402,··8602
PH00431,··5733,··7531
PH00432,··7251,··1316
PH00433,··5976,··5975
PH00434,··4580,··6400
PH00435,··6256,··4114
PH00436,··6837,··2526
PH00437,··5943,··9940
PH00438,··7167,··8842
PH00439,··8233,··4918
PH00440,··4218,··4164
PH00441,··6526,··5913
PH00442,··2764,··2961
PH00443,··7310,··3393
PH00444,··7106,··2303
PH00445,··2853,··4455
PH00446,··8327,··7600
PH00447,··2082,··3359
PH00448,··2218,··8067
PH00449,··6490,··5543
PH00450,··7854,··5793
PH00451,··7557,··8973
PH00452,··2044,··4385
PH00453,··9803,··6853
PH00454,··9050,··9334
PH00455,··4054,··3344
PH00456,··4073,··4045
PH00457,··9150,··8666
PH00458,··2977,··8422
PH00459,··6115,··2944
PH00460,··4743,··5595
PH00461,··4450,··1464
PH00462,··7261,··4799
PH00463,··1803,··7645
PH00464,··9514,··4019
PH00465,··3460,··8436
PH00466,··7665,··6985
PH00467,··6704,··6566
PH00468,··2036,··3007
PH00469,··1887,··6001
PH00470,··5644,··5932
PH00471,··5217,··2893
PH00472,··4534,··4035
PH00473,··7669,··4173
PH00474,··1403,··6946
PH00475,··7523,··1655
PH00476,··9686,··3745
PH00477,··7818,··3346
PH00478,··9185,··2021
PH00479,··2255,··9946
PH00480,··3795,··5823
PH00481,··3532,··1272
PH00482,··3741,··8628
PH00483,··2640,··5919
PH00484,··5038,··2296
PH00485,··7166,··5215
PH00486,··2847,··5918
PH00487,··7955,··5597
PH00488,··7250,··9878
PH00489,··7051,··3005
PH00490,··4531,··3377
PH00491,··9597,··2212
PH00492,··8551,··5745
PH00493,··6805,··2579
PH00494,··4068,··7312
PH00495,··4652,··4538
PH00496,··5983,··6942
PH00497,··4991,··9043
PH00498,··6581,··2423
PH00499,··9286,··5754
PH00500,··4667,··4327
PH00501,··8330,··4447
PH00502,··8109,··6359
PH00503,··6144,··3168
PH00504,··9232,··6884
PH00505,··6058,··5459
PH00506,··6716,··1341
PH00507,··8686,··7102
PH00508,··7662,··6954
PH00509,··9051,··9303
PH00510,··4387,··9130
PH00511,··6680,··8116
PH00512,··6229,··5925
PH00513,··2169,··5020
PH00514,··6564,··3832
PH00515,··2680,··3291
PH00516,··6821,··5402
PH00517,··2282,··7112
PH00518,··6435,··9542
PH00519,··5153,··1428
